"PersonID","FirstName","LastName","Street","City","State","Postcode","CountryCode","Phone","Email","FirstLanguageCode"
"1","James"," Clark","George Street","Spresiano","NT","1028","au","0405 088 044","pellentesque@ehg.org","en"
"2","Robert","Ramirez","William Street","Kortrijk","NT","1120","au","0467 234 573","velit.eas@Maecene.com","en"
"3","John","Lewis","Church Street","Bicester","NT","1639","au","043 265 800","aliquam.adipus@rerit.co.uk","en"
"4","Michael","Robinson","High Street.","Lublin","NT","1765","au","0415 496 955","sodles@tellusid.co.uk","en"
"5","William","Walker","King Street. ","Pottsville","NSW","2433","au","0423 777 555","mattis@setnetus.net","de"
"6","David","Young","Short Street. ","Oranienburg","NSW","2956","au","0415 956 858","aliquam.iais@utin.com","en"
"60","Richard","Allen","Elizabeth Dr","Red Deer","VIC","3564","au","0466 679 025","nascetur@non.co.uk","en"
"61","Joseph","King","John Dr","Mühlheim am Main","VIC","3936","au","0415 482 199","nibh.vulputate@maurissapien.ca","en"
"62","Thomas","Mason","Koala Street","Doetinchem","QLD","4053","au","0415 573 236","is.Integer@euultricessit.org","ar"
"63","Christopher","Mitchell","Emu Street ","Goulburn","QLD","4406","au","0415 488 077","non@Nam.org","fa"
"64","Matthew","Hill","Dingo Street ","Alto Hospicio","SA","5971","au","0415 131 096","dapibus.id@facilisiSed.ca","ar"
"65","Anthony","Flores","Wallaby Road ","Curaco de Vélez","WA","6699","au","0415 329 570","orci.luctus.et@etmagnis.org","ar"
"66","Mark","Green","Echidna Street ","Stendal","TAS","7512","au","0415 133 547","tristique@fringillaia.org","ar"
"67","Donald","Lopez","Wombat Road ","Arauco","TAS","7873","au","0415 442 456","erat.in@amolestie.org","ar"
"68","Steven"," Gonzalez","Kangaroo Street","Huntley","NSW","2303","au","0415 696 122","non.lobortis.quis@id.org","ar"
"69","Paul","Wilson","Brushtail Crescent","Wanzele","NSW","2425","au","0415 727 415","pesque@erateget.org","bn"
"70","Andrew","Anderson","Jumbuck Street ","Cantalupo in Sabina","NSW","2220","au","0415 336 747","velit.egess@enornare.com","bn"
"71","Joshua","Thomas","Platypus Street","Traiguén","NSW","2017","au","0415 117 691","aliquam.adcus@rutr.uk","bn"
"72","Kenneth","Taylor","William Street","Halifax","NSW","2134","au","0415 291 024","sodales@tki.co.uk","bn"
"73","Kevin","Moore","Church Street","Fumal","NSW","2222","au","0415 639 716","mattis@senetnetus.net","bn"
"74","Brian","Jackson","High Street.","Liévin","NSW","2302","au","0415 361 193","iaculis@utmggn.com","bn"
"109","Brian","Jackson","High Street.","Liévin","NSW","2302","au","0415 361 193","iaculis@utmggn.com","bn"
"110","George","Martin","King Street. ","Spoleto","NSW","2572","au","0415 218 972","nascetur.ris.mus@non.co.uk","bn"
"111","Edward"," Lee","Short Street. ","Giugliano in Campania","NSW","2222","au","0499 697 935","nibh.vte@maurissapien.ca","fr"
"112","Ronald","Perez","George Street","Beaumont","NSW","2233","au","0415 035 497","mauris.Inger@euultricessit.org","fr"
"113","Timothy","Thompson","William Street","Portsmouth","VIC","3079","au","0489394 622","augue.eu.tellus@yahoo.com","fr"
"114","Jason","White","Church Street","Heidenheim","VIC","3850","au","0415 609 075","non@Nam.org","fr"
"130","Barbara","Mitchell","Mill Lane","Hualpén","NSW","2230","au","0415 349 532","veliestas@hotmail.com","ga"
"131","Susan","Carter","Alexander Road","GŽrouville","NSW","2052","au","0415 729 127","aliquam.adcus@rutr.uk","ga"
"139","Kimberly","Collins","Victoria Street","Zeles","CO","6606","bm","0415 281 118","dapibus.id@hotmail.com","ii"
"140","Emily","Reyes","Albert Road","Okcester","CT","6904","bt","0415 184 363","orci.luc@etmagnis.org","ii"
"141","Donna","Stewart","Queensway","Onavine","DC ","7341","bo","0415 742 477","trjkkque@fcinia.org","ii"
"142","Michelle","Moore","New Street","Troving","CA","7946","ba","0415 993 093","erat.in@gmail.com","ii"
"143","Lisa","Turner","King Street","Klesas","ALD","4556","bb","0423 783 240","nibh.vte@maurissapien.ca","ii"
"144","Betty","Diaz","The Green","Clitding","APG","4905","by","0415 581 322","maurger@euricessit.org","ii"
"145","Margaret","Parker","Springfield Road","Glaeson","ARB","5341","be","0415 163 940","augue.tellus@yahoo.com","ii"
"146","Sandra","Cruz","George Street","Ifarc","AZ","5369","bz","0460 003 922","non@Nam.org","ii"
"147","Ashley","Edwards","Park Lane","Phesa","CA","6247","bj","0415 243 270","mauris.uti@doauctor.edu","ii"
"152","Jessica","Roberts","York Road","Alness","NSW","2220","au","0445 257 351","sodales@co.uk","ga"
"153","Sarah","Gomez","St. John’s Road","Forchtenstein","sa","5666","au","0415 723 190","mattis@hotmail.com","ga"
"155","Karen","Phillips","Main Road","Srofmouth","AE","3990","fr","0411 234567","iaculis@utmolestiein.com","ga"
"159","Nancy","Evans","Broadway","Iyulphia","QLD","4221","au","0415 330 183","nascr.ridi@non.co.uk","ar"
"163","Dorothy","Jackson","Queen Street","Vamore","CT","7984","au","0415 853 575","quis@id.org","en"
"164","Carol","Martin","West Street","Khadale","QLD","4201","au","0415 778 660","erat.in@gmail.com","de"
"166","Amanda","Masters","North Street","Sumond","QLD","4230","au","0415 175 638","quis@id.org","de"
